{
    "posts": [
        { "id": 2, "title": "json-server 1", "body": "typicode" },
        { "id": 3, "title": "json-server 2", "body": "typicode" },
        { "id": 1, "title": "json-server 3", "body": "typicode" },
        { "id": 4, "title": "json-server 4", "body": "typicode" },
      { "id": 5, "title": "json-server 5", "body": "typicode" },
      { "id": 6, "title": "json-server 6", "body": "typicode" },
      { "id": 7, "title": "json-server 7",  "body": "typicode" },
      { "id": 8, "title": "json-server 8", "body": "typicode" },
      { "id": 9, "title": "json-server 9", "body": "typicode" },
      { "id": 10, "title": "json-server 10", "body": "typicode" },
      { "id": 11, "title": "json-server 11", "body": "typicode" }
    ],
    "comments": [
      { "id": 1, "body": "some comment", "postId": 1 }
    ],
    "profile": { "name": "typicode" }
  }